comment_id,text,gold_reason,gold_second_reason
C-00453,COLOR IS DIFFERENT FROM THE PICTURE yaar,colour,
C-00224,"short hai, function me nahi pehen sakti",fit_short,
C-00758,ghutne se upar aa raha hai,fit_short,
C-01974,??,unreadable,
C-00559,LENGTH IS TOO SHORT FOR ME return kar diya,fit_short,
C-01020,"tag nahi tha, used lag raha tha plz jaldi refund karo",other,
C-01135,"कपड़ा बहुत पतला है, घटिया क्वालिटी paisa waste",quality,
C-01170,"rang halka hai, website pe dark tha refund chahiye",colour,
C-01670,"short hai, function me nahi pehen sakti 👎",fit_short,
C-01051,dhone pe rang nikal gaya aur sikud gaya return kar diya,quality,
C-01866,colour alag hai photo se yaar,colour,
C-01301,"fitting ajeeb hai, shape theek nahi",fit_other,
C-00299,"rang halka hai, website pe dark tha return kar diya",colour,
C-00620,"साइज़ छोटा है, बहुत टाइट है",fit_small,
C-01506,"कपड़ा बहुत पतला है, घटिया क्वालिटी plz jaldi refund karo",quality,
C-00187,color is different from the picture refund chahiye,colour,
C-00137,"bust pe bhot tite, return kar diya refund chahiye",fit_small,
C-00066,"too tight on the chest, had to return yaar",fit_small,
C-00074,"chest pe fit nahi aa raha, chhota hai yaar",fit_small,
C-00094,"length bahut kam hai, photo me lamba dikh raha tha refund chahiye",fit_short,
C-01148,pasand nahi aaya mujhe,unclear,
C-01433,"fitting ajeeb hai, shape theek nahi",fit_other,
C-01096,cut sahi nahi baithta body pe,fit_other,
C-00247,"size chota hai, XL bhi tight lag raha",fit_small,
C-01832,color is different from the picture,colour,
C-00716,"delivery bohot der se hui, ab zaroorat nahi yaar",late,
C-01923,baju bahut tite hai,fit_small,
C-01631,WAPAS KAR DIYA BAS 👎,unclear,
C-01094,"too tight on the chest, had to return refund chahiye",fit_small,
C-00768,GHUTNE SE UPAR AA RAHA HAI paisa waste,fit_short,
C-01934,"size chhota hai, L bhi tight lag raha paisa waste",fit_small,
C-01535,"SHORT HAI, FUNCTION ME NAHI PEHEN SAKTI 👎",fit_short,
C-01928,"chest pe fit nahi aa raha, chhota hai return kar diya",fit_small,
C-00205,"कपड़ा बहुत पतला है, घटिया क्वालिटी return kar diya",quality,
C-00470,ghutne se upar aa raha hai,fit_short,
C-01542,"baju chhoti hai, kalai tak nahi aati",fit_short,
C-01012,"arrived after the wedding, no use now",late,
C-00569,"rang halka hai, website pe dark tha",colour,
C-01785,"BUST PE BAHUT TIGHT, RETURN KAR DIYA return kar diya",fit_small,
C-01555,"too loose, looks like a sack return kar diya",fit_large,
C-01291,"kamar pe tight hai, saans nahi aati",fit_small,
C-01724,ACCHA NAHI HAI YE return kar diya,unclear,
C-01105,"SHOULDER SE UTAR RAHA HAI, BADA HAI",fit_large,
C-00841,"too loose, looks like a sack return kar diya",fit_large,
C-00225,bacche ko bahut dheela hai 👎,fit_large,
C-01332,"pic me maroon tha, ye to laal hai",colour,
C-01966,stitching is poor and thread coming out,quality,
C-00737,"बहुत ढीला है, बड़ा साइज़ आ गया refund chahiye",fit_large,
C-00883,"shoulder se utar raha hai, bada hai return kar diya",fit_large,
C-01286,"baju chhoti hai, kalai tak nahi aati paisa waste",fit_short,
C-01596,galti se order ho gaya tha refund chahiye,changed_mind,
C-00776,"kamar pe tight hai, saans nahi aati",fit_small,
C-00823,stitching is poor and thread coming out plz jaldi refund karo,quality,
C-00210,ok,unreadable,
C-00992,"साइज़ छोटा है, बहुत टाइट है plz jaldi refund karo",fit_small,
C-01509,"bohot lamba hai, zameen pe lag raha",fit_long,
C-00384,bacche ko bhot dheela hai plz jaldi refund karo,fit_large,
C-01816,"baju lambi hai, mod ke pehenna padta refund chahiye",fit_long,
C-00110,"fitting sahi nahi, ek size bada lena padega",fit_small,
C-00557,"fitting sahi nahi, ek size bada lena padega",fit_small,
C-00632,"bust pe bahut tight, return kar diya 👎",fit_small,
C-00779,"too loose, looks like a sack",fit_large,
C-00164,"bust pe bahut tite, return kar diya 👎",fit_small,
C-00642,"kamar pe loose hai, baaki theek 👎",fit_large,
C-01919,"साइज़ छोटा है, बहुत टाइट है",fit_small,
C-01550,"kamar pe tite hai, saans nahi aati",fit_small,
C-00428,STITCHING IS POOR AND THREAD COMING OUT paisa waste,quality,
C-01581,"pic me maroon tha, ye to laal hai",colour,
C-01035,color alag hai photo se yaar,colour,
C-01423,"baju lambi hai, mod ke pehenna padta plz jaldi refund karo",fit_long,
C-01223,dhone pe rang nikal gaya aur sikud gaya paisa waste,quality,
C-00884,"LENGTH ZYADA HAI, KATWANA PADEGA",fit_long,
C-00614,"chest pe fit nahi aa raha, chhota hai plz jaldi refund karo",fit_small,
C-00528,"fitting ajeeb hai, shape theek nahi plz jaldi refund karo",fit_other,
C-01766,"SIZE CHHOTA HAI, L BHI TITE LAG RAHA",fit_small,
C-01401,"baju chhoti hai, kalai tak nahi aati",fit_short,
C-00468,"baju chhoti hai, kalai tak nahi aati yaar",fit_short,
C-00432,pasand nahi aaya mujhe 👎,unclear,
C-01264,silai khul gayi pehle hi din paisa waste,quality,
C-01965,pasand nahi aaya mujhe yaar,unclear,
C-01016,"pic me maroon tha, ye to laal hai 👎",colour,
C-01803,"length bahut kam hai, photo me lamba dikh raha tha paisa waste",fit_short,
C-00691,stitching is poor and thread coming out return kar diya,quality,
C-01746,"late aaya, function nikal gaya",late,
C-01956,DHONE PE RANG NIKAL GAYA AUR SIKUD GAYA,quality,
C-00327,dhone pe rang nikal gaya aur sikud gaya yaar,quality,
C-01351,STITCHING IS POOR AND THREAD COMING OUT,quality,
C-01117,"too loose, looks like a sack",fit_large,
C-01289,"SHOULDER SE UTAR RAHA HAI, BADA HAI",fit_large,
C-01418,kapda patla hai aur dhila bhi hai refund chahiye,fit_large,quality
C-01657,"bust pe bohot tight, return kar diya 👎",fit_small,
C-01614,jaisa socha tha waisa nahi nikla,unclear,
C-01513,wapas kar diya bas yaar,unclear,
C-01085,"baju chhoti hai, kalai tak nahi aati plz jaldi refund karo",fit_short,
C-00272,"SHOULDER SE UTAR RAHA HAI, BADA HAI paisa waste",fit_large,
C-00435,"delivery bahut der se hui, ab zaroorat nahi paisa waste",late,
C-01475,theek nahi laga refund chahiye,unclear,
C-01665,"बहुत ढीला है, बड़ा साइज़ आ गया",fit_large,
C-00759,"kamar pe loose hai, baaki theek",fit_large,
C-01092,"TOO LOOSE, LOOKS LIKE A SACK return kar diya",fit_large,
C-01502,color is different from the picture,colour,
C-00420,"fabric cheap lagta hai, photo jaisa nahi",quality,
C-01480,"delivery bahut der se hui, ab zaroorat nahi refund chahiye",late,
C-00825,stitching is poor and thread coming out yaar,quality,
C-01072,KAPDA PATLA HAI AUR DHEELA BHI HAI,fit_large,quality
C-01611,"kapda patla hai, ek dhulai me kharab ho gaya",quality,
C-00747,"kamar pe loose hai, baaki theek refund chahiye",fit_large,
C-00978,late aaya aur length bhi kam hai paisa waste,fit_short,late
C-01640,"bust pe bahut tight, return kar diya",fit_small,
C-00558,GHUTNE SE UPAR AA RAHA HAI paisa waste,fit_short,
C-01563,"short hai, function me nahi pehen sakti",fit_short,
C-00191,dhone pe rang nikal gaya aur sikud gaya plz jaldi refund karo,quality,
C-00499,kapda patla hai aur dheela bhi hai 👎,fit_large,quality
C-00479,"LENGTH BOHOT KAM HAI, PHOTO ME LAMBA DIKH RAHA THA paisa waste",fit_short,
C-00531,"length bhot kam hai, photo me lamba dikh raha tha return kar diya",fit_short,
C-00009,"bust pe bhot tight, return kar diya refund chahiye",fit_small,
C-00783,silai khul gayi pehle hi din return kar diya,quality,
C-00463,length is too short for me plz jaldi refund karo,fit_short,
C-01238,PASAND NAHI AAYA MUJHE yaar,unclear,
C-01463,"pic me maroon tha, ye to laal hai return kar diya",colour,
C-00785,"pic me maroon tha, ye to laal hai return kar diya",colour,
C-00818,"tag nahi tha, used lag raha tha plz jaldi refund karo",other,
C-01447,"short hai, function me nahi pehen sakti",fit_short,
C-00454,COLOR IS DIFFERENT FROM THE PICTURE paisa waste,colour,
C-00402,"galat product aaya, maine ye nahi mangwaya paisa waste",other,
C-01706,"gift ke liye liya tha, zaroorat nahi rahi paisa waste",changed_mind,
C-00477,GHUTNE SE UPAR AA RAHA HAI plz jaldi refund karo,fit_short,
C-00771,BAJU BOHOT TIGHT HAI refund chahiye,fit_small,
C-00897,"too loose, looks like a sack refund chahiye",fit_large,
C-01980,color is different from the picture 👎,colour,
C-00393,length is too short for me,fit_short,
C-01320,"fitting sahi nahi, ek size bada lena padega yaar",fit_small,
C-00297,dhone pe rang nikal gaya aur sikud gaya plz jaldi refund karo,quality,
C-00232,"baju chhoti hai, kalai tak nahi aati 👎",fit_short,
C-00967,"fitting sahi nahi, ek size bada lena padega return kar diya",fit_small,
C-01267,"fitting ajeeb hai, shape theek nahi 👎",fit_other,
C-00331,"rang halka hai, website pe dark tha paisa waste",colour,
C-01359,dusra pasand aa gaya isliye wapas paisa waste,changed_mind,
C-00133,"chest pe fit nahi aa raha, chhota hai yaar",fit_small,
C-01586,"TAG NAHI THA, USED LAG RAHA THA",other,
C-00972,"shoulder se utar raha hai, bada hai refund chahiye",fit_large,
C-00743,baju bahut tight hai 👎,fit_small,
C-01954,"DELIVERY BAHUT DER SE HUI, AB ZAROORAT NAHI yaar",late,
C-00019,"bust pe bahut tite, return kar diya 👎",fit_small,
C-01441,"rang alag hai, upar se bust pe tite refund chahiye",fit_small,colour
C-00535,length is too short for me paisa waste,fit_short,
C-00123,"साइज़ छोटा है, बहुत टाइट है",fit_small,
C-01656,"BAJU LAMBI HAI, MOD KE PEHENNA PADTA 👎",fit_long,
C-00723,"kamar pe tight hai, saans nahi aati paisa waste",fit_small,
C-00413,dhone pe rang nikal gaya aur sikud gaya 👎,quality,
C-01439,"length bahut kam hai, photo me lamba dikh raha tha paisa waste",fit_short,
C-01914,"shoulder se utar raha hai, bada hai plz jaldi refund karo",fit_large,
C-00514,"length bohot kam hai, photo me lamba dikh raha tha plz jaldi refund karo",fit_short,
C-00593,"pic me maroon tha, ye to laal hai yaar",colour,
C-01883,"length zyada hai, katwana padega refund chahiye",fit_long,
C-00277,"baju lambi hai, mod ke pehenna padta",fit_long,
C-01377,"late aaya, function nikal gaya refund chahiye",late,
C-01172,SILAI KHUL GAYI PEHLE HI DIN refund chahiye,quality,
C-00951,"साइज़ छोटा है, बहुत टाइट है",fit_small,
C-01294,"SIZE CHHOTA HAI, S BHI TITE LAG RAHA yaar",fit_small,
C-00288,"kapda patla hai, ek dhulai me kharab ho gaya",quality,
C-00388,"baju chhoti hai, kalai tak nahi aati yaar",fit_short,
C-01461,pasand nahi aaya mujhe plz jaldi refund karo,unclear,
C-01274,LENGTH IS TOO SHORT FOR ME 👎,fit_short,
C-01995,"कपड़ा बहुत पतला है, घटिया क्वालिटी",quality,
C-00294,"delivery bohot der se hui, ab zaroorat nahi yaar",late,
C-01261,.,unreadable,
C-00220,"chest pe fit nahi aa raha, chhota hai return kar diya",fit_small,
C-00624,length is too short for me 👎,fit_short,
C-01080,"साइज़ छोटा है, बहुत टाइट है plz jaldi refund karo",fit_small,
C-00741,"kamar pe tight hai, saans nahi aati",fit_small,
C-00609,"chest pe fit nahi aa raha, chhota hai yaar",fit_small,
C-00096,"short hai, function me nahi pehen sakti refund chahiye",fit_short,
C-01041,"tag nahi tha, used lag raha tha",other,
C-01385,"late aaya, function nikal gaya yaar",late,
C-01881,kapda patla hai aur dheela bhi hai return kar diya,fit_large,quality
C-00472,cut sahi nahi baithta body pe paisa waste,fit_other,
C-01023,"delivery bohot der se hui, ab zaroorat nahi",late,
C-00221,"too tight on the chest, had to return refund chahiye",fit_small,
C-00377,"kamar pe loose hai, baaki theek plz jaldi refund karo",fit_large,
C-01710,"ARRIVED AFTER THE WEDDING, NO USE NOW paisa waste",late,
C-01598,color alag hai photo se,colour,
C-01796,baju bahut tite hai,fit_small,
C-01452,"galat product aaya, maine ye nahi mangwaya return kar diya",other,
C-00999,"chest pe fit nahi aa raha, chhota hai",fit_small,
C-00655,"shoulder se tight hai, haath nahi uthta",fit_small,
C-01853,"tag nahi tha, used lag raha tha paisa waste",other,
C-01025,"fabric cheap lagta hai, photo jaisa nahi plz jaldi refund karo",quality,
C-01276,"बहुत ढीला है, बड़ा साइज़ आ गया",fit_large,
C-01887,"BAJU LAMBI HAI, MOD KE PEHENNA PADTA plz jaldi refund karo",fit_long,
C-00592,"galat product aaya, maine ye nahi mangwaya plz jaldi refund karo",other,
C-00048,late aaya aur length bhi kam hai yaar,fit_short,late
C-00659,"short hai, function me nahi pehen sakti return kar diya",fit_short,
C-01526,"baju chhoti hai, kalai tak nahi aati paisa waste",fit_short,
C-01772,"too tight on the chest, had to return 👎",fit_small,
C-01325,"too tite on the chest, had to return paisa waste",fit_small,
C-01043,packet khula hua aaya tha yaar,other,
C-01464,dhone pe rang nikal gaya aur sikud gaya,quality,
C-00849,"size bada nikla, ek size chhota mangwana pada",fit_large,
C-01406,length is too short for me refund chahiye,fit_short,
C-00914,dusra pasand aa gaya isliye wapas,changed_mind,
C-01190,KAPDA PATLA HAI AUR DHEELA BHI HAI,fit_large,quality
C-01431,"bhot lamba hai, zameen pe lag raha",fit_long,
C-00025,"kamar pe tight hai, saans nahi aati",fit_small,
C-00200,bad,unreadable,
C-01446,"size bada nikla, ek size chhota mangwana pada paisa waste",fit_large,
C-00326,"fabric cheap lagta hai, photo jaisa nahi plz jaldi refund karo",quality,
C-00026,"fitting sahi nahi, ek size bada lena padega",fit_small,
C-01715,"KAPDA PATLA HAI, EK DHULAI ME KHARAB HO GAYA plz jaldi refund karo",quality,
C-00576,dusra pasand aa gaya isliye wapas refund chahiye,changed_mind,
C-01867,"कपड़ा बहुत पतला है, घटिया क्वालिटी",quality,
C-01046,galti se order ho gaya tha,changed_mind,
C-00727,"बहुत ढीला है, बड़ा साइज़ आ गया return kar diya",fit_large,
C-01192,"size bada nikla, ek size chhota mangwana pada",fit_large,
C-00416,stitching is poor and thread coming out,quality,
C-01214,"SHORT HAI, FUNCTION ME NAHI PEHEN SAKTI paisa waste",fit_short,
C-00130,"bust pe bhot tight, return kar diya paisa waste",fit_small,
C-01125,WAPAS KAR DIYA BAS,unclear,
C-01590,packet khula hua aaya tha,other,
C-01968,"fabric cheap lagta hai, photo jaisa nahi 👎",quality,
C-01959,"KAPDA PATLA HAI, EK DHULAI ME KHARAB HO GAYA plz jaldi refund karo",quality,
C-01876,"fabric cheap lagta hai, photo jaisa nahi yaar",quality,
C-01528,"bahut dheela hai, hang ho raha return kar diya",fit_large,
C-00328,color is different from the picture 👎,colour,
C-01031,"late aaya, function nikal gaya plz jaldi refund karo",late,
C-00763,length is too short for me,fit_short,
C-00720,baju bahut tight hai 👎,fit_small,
C-00726,"fitting ajeeb hai, shape theek nahi refund chahiye",fit_other,
C-00524,"short hai, function me nahi pehen sakti return kar diya",fit_short,
C-00070,"fitting ajeeb hai, shape theek nahi yaar",fit_other,
C-01063,"बहुत ढीला है, बड़ा साइज़ आ गया return kar diya",fit_large,
C-01054,"rang halka hai, website pe dark tha",colour,
C-01156,??,unreadable,
C-00492,"short hai, function me nahi pehen sakti refund chahiye",fit_short,
C-00309,"tag nahi tha, used lag raha tha",other,
C-01081,"too tight on the chest, had to return",fit_small,
C-00919,"pic me maroon tha, ye to laal hai",colour,
C-01538,"SIZE CHHOTA HAI, XL BHI TIGHT LAG RAHA",fit_small,
C-00073,"chest pe fit nahi aa raha, chhota hai return kar diya",fit_small,
C-01159,"arrived after the wedding, no use now",late,
C-00284,"tag nahi tha, used lag raha tha refund chahiye",other,
C-00027,"bust pe bahut tight, return kar diya paisa waste",fit_small,
C-00142,colour alag tha aur size bhi chhota return kar diya,fit_small,colour
C-01949,,unreadable,
C-00322,wapas kar diya bas yaar,unclear,
C-01704,dhone pe rang nikal gaya aur sikud gaya,quality,
C-01825,,unreadable,
C-01624,theek nahi laga return kar diya,unclear,
C-01940,"length bohot kam hai, photo me lamba dikh raha tha",fit_short,
C-00596,"chest pe fit nahi aa raha, chhota hai",fit_small,
C-01057,"kamar pe loose hai, baaki theek paisa waste",fit_large,
C-01409,"too tight on the chest, had to return yaar",fit_small,
C-00429,kalar alag hai photo se 👎,colour,
C-01817,"chest pe fit nahi aa raha, chhota hai paisa waste",fit_small,
C-00161,"KAMAR PE TIGHT HAI, SAANS NAHI AATI",fit_small,
C-00885,bacche ko bohot dheela hai,fit_large,
C-00358,length is too short for me paisa waste,fit_short,
C-01011,theek nahi laga,unclear,
C-00945,"length bohot kam hai, photo me lamba dikh raha tha return kar diya",fit_short,
C-00869,"kamar pe loose hai, baaki theek",fit_large,
C-00932,stitching is poor and thread coming out refund chahiye,quality,
C-00704,dusra pasand aa gaya isliye wapas,changed_mind,
C-01329,"kamar pe loose hai, baaki theek paisa waste",fit_large,
C-00411,wapas kar diya bas,unclear,
C-00069,"too tight on the chest, had to return return kar diya",fit_small,
C-01667,"shoulder se utar raha hai, bada hai 👎",fit_large,
C-00606,ghutne se upar aa raha hai,fit_short,
C-01751,"pic me maroon tha, ye to laal hai return kar diya",colour,
C-00753,"too loose, looks like a sack yaar",fit_large,
C-01328,"baju chhoti hai, kalai tak nahi aati refund chahiye",fit_short,
C-01762,ghutne se upar aa raha hai paisa waste,fit_short,
C-01718,"delivery bahut der se hui, ab zaroorat nahi return kar diya",late,
C-01212,"bust pe bahut tite, return kar diya yaar",fit_small,
C-01646,kapda patla hai aur dheela bhi hai,fit_large,quality
C-01505,pasand nahi aaya mujhe return kar diya,unclear,
C-01655,"length bhot kam hai, photo me lamba dikh raha tha refund chahiye",fit_short,
C-01225,stitching is poor and thread coming out paisa waste,quality,
C-01109,"size chota hai, 4Y bhi tight lag raha 👎",fit_small,
C-00568,"late aaya, function nikal gaya return kar diya",late,
C-01678,"bahut lamba hai, zameen pe lag raha",fit_long,
C-00736,"बहुत ढीला है, बड़ा साइज़ आ गया",fit_large,
C-01056,dusra pasand aa gaya isliye wapas refund chahiye,changed_mind,
C-01208,"too loose, looks like a sack refund chahiye",fit_large,
C-01929,ghutne se upar aa raha hai paisa waste,fit_short,
C-00878,"बहुत ढीला है, बड़ा साइज़ आ गया return kar diya",fit_large,
C-00286,"rang halka hai, website pe dark tha yaar",colour,
C-01415,"length bohot kam hai, photo me lamba dikh raha tha refund chahiye",fit_short,
C-01780,"SHOULDER SE UTAR RAHA HAI, BADA HAI",fit_large,
C-00323,"kapda patla hai, ek dhulai me kharab ho gaya",quality,
C-01680,ghutne se upar aa raha hai yaar,fit_short,
C-00529,"short hai, function me nahi pehen sakti 👎",fit_short,
C-00617,"BAJU CHHOTI HAI, KALAI TAK NAHI AATI refund chahiye",fit_short,
C-01027,,unreadable,
C-01141,dhone pe rang nikal gaya aur sikud gaya refund chahiye,quality,
C-00540,"size chota hai, L bhi tight lag raha",fit_small,
C-00304,silai khul gayi pehle hi din,quality,
C-01440,"BAHUT LAMBA HAI, ZAMEEN PE LAG RAHA 👎",fit_long,
C-01497,stitching is poor and thread coming out,quality,
C-01408,"too loose, looks like a sack plz jaldi refund karo",fit_large,
C-01896,"kamar pe tite hai, saans nahi aati",fit_small,
