vendor_id,category,size,week_start,units_sold
V-07,Kurtis,36,2026-08-24,40
V-07,Kurtis,36,2026-08-31,39
V-07,Kurtis,36,2026-09-07,37
V-07,Kurtis,36,2026-09-14,35
V-07,Kurtis,36,2026-09-21,35
V-07,Kurtis,36,2026-09-28,35
V-07,Kurtis,38,2026-08-24,34
V-07,Kurtis,38,2026-08-31,41
V-07,Kurtis,38,2026-09-07,38
V-07,Kurtis,38,2026-09-14,35
V-07,Kurtis,38,2026-09-21,36
V-07,Kurtis,38,2026-09-28,35
V-07,Kurtis,40,2026-08-24,40
V-07,Kurtis,40,2026-08-31,35
V-07,Kurtis,40,2026-09-07,38
V-07,Kurtis,40,2026-09-14,39
V-07,Kurtis,40,2026-09-21,41
V-07,Kurtis,40,2026-09-28,35
V-07,Kurtis,42,2026-08-24,36
V-07,Kurtis,42,2026-08-31,38
V-07,Kurtis,42,2026-09-07,38
V-07,Kurtis,42,2026-09-14,39
V-07,Kurtis,42,2026-09-21,39
V-07,Kurtis,42,2026-09-28,35
V-01,Kurtis,S,2026-08-24,31
V-01,Kurtis,S,2026-08-31,29
V-01,Kurtis,S,2026-09-07,28
V-01,Kurtis,S,2026-09-14,33
V-01,Kurtis,S,2026-09-21,31
V-01,Kurtis,S,2026-09-28,27
V-01,Kurtis,M,2026-08-24,32
V-01,Kurtis,M,2026-08-31,33
V-01,Kurtis,M,2026-09-07,28
V-01,Kurtis,M,2026-09-14,32
V-01,Kurtis,M,2026-09-21,31
V-01,Kurtis,M,2026-09-28,31
V-01,Kurtis,L,2026-08-24,32
V-01,Kurtis,L,2026-08-31,27
V-01,Kurtis,L,2026-09-07,28
V-01,Kurtis,L,2026-09-14,31
V-01,Kurtis,L,2026-09-21,29
V-01,Kurtis,L,2026-09-28,30
V-01,Kurtis,XL,2026-08-24,33
V-01,Kurtis,XL,2026-08-31,30
V-01,Kurtis,XL,2026-09-07,32
V-01,Kurtis,XL,2026-09-14,28
V-01,Kurtis,XL,2026-09-21,32
V-01,Kurtis,XL,2026-09-28,29
V-02,Kurtis,Small,2026-08-24,29
V-02,Kurtis,Small,2026-08-31,33
V-02,Kurtis,Small,2026-09-07,28
V-02,Kurtis,Small,2026-09-14,30
V-02,Kurtis,Small,2026-09-21,31
V-02,Kurtis,Small,2026-09-28,32
V-02,Kurtis,Medium,2026-08-24,34
V-02,Kurtis,Medium,2026-08-31,29
V-02,Kurtis,Medium,2026-09-07,32
V-02,Kurtis,Medium,2026-09-14,33
V-02,Kurtis,Medium,2026-09-21,33
V-02,Kurtis,Medium,2026-09-28,32
V-02,Kurtis,Large,2026-08-24,30
V-02,Kurtis,Large,2026-08-31,32
V-02,Kurtis,Large,2026-09-07,34
V-02,Kurtis,Large,2026-09-14,31
V-02,Kurtis,Large,2026-09-21,31
V-02,Kurtis,Large,2026-09-28,32
V-02,Kurtis,X-Large,2026-08-24,29
V-02,Kurtis,X-Large,2026-08-31,34
V-02,Kurtis,X-Large,2026-09-07,31
V-02,Kurtis,X-Large,2026-09-14,31
V-02,Kurtis,X-Large,2026-09-21,32
V-02,Kurtis,X-Large,2026-09-28,30
V-12,Dresses,Small,2026-08-24,26
V-12,Dresses,Small,2026-08-31,25
V-12,Dresses,Small,2026-09-07,28
V-12,Dresses,Small,2026-09-14,28
V-12,Dresses,Small,2026-09-21,26
V-12,Dresses,Small,2026-09-28,28
V-12,Dresses,Medium,2026-08-24,27
V-12,Dresses,Medium,2026-08-31,26
V-12,Dresses,Medium,2026-09-07,27
V-12,Dresses,Medium,2026-09-14,29
V-12,Dresses,Medium,2026-09-21,28
V-12,Dresses,Medium,2026-09-28,28
V-12,Dresses,Large,2026-08-24,29
V-12,Dresses,Large,2026-08-31,27
V-12,Dresses,Large,2026-09-07,27
V-12,Dresses,Large,2026-09-14,29
V-12,Dresses,Large,2026-09-21,27
V-12,Dresses,Large,2026-09-28,25
V-12,Dresses,X-Large,2026-08-24,25
V-12,Dresses,X-Large,2026-08-31,25
V-12,Dresses,X-Large,2026-09-07,27
V-12,Dresses,X-Large,2026-09-14,29
V-12,Dresses,X-Large,2026-09-21,28
V-12,Dresses,X-Large,2026-09-28,26
V-05,Dresses,S,2026-08-24,36
V-05,Dresses,S,2026-08-31,31
V-05,Dresses,S,2026-09-07,34
V-05,Dresses,S,2026-09-14,33
V-05,Dresses,S,2026-09-21,32
V-05,Dresses,S,2026-09-28,36
V-05,Dresses,M,2026-08-24,33
V-05,Dresses,M,2026-08-31,32
V-05,Dresses,M,2026-09-07,31
V-05,Dresses,M,2026-09-14,31
V-05,Dresses,M,2026-09-21,37
V-05,Dresses,M,2026-09-28,37
V-05,Dresses,L,2026-08-24,32
V-05,Dresses,L,2026-08-31,31
V-05,Dresses,L,2026-09-07,36
V-05,Dresses,L,2026-09-14,35
V-05,Dresses,L,2026-09-21,36
V-05,Dresses,L,2026-09-28,33
V-05,Dresses,XL,2026-08-24,31
V-05,Dresses,XL,2026-08-31,36
V-05,Dresses,XL,2026-09-07,36
V-05,Dresses,XL,2026-09-14,34
V-05,Dresses,XL,2026-09-21,35
V-05,Dresses,XL,2026-09-28,37
V-06,Dresses,36,2026-08-24,33
V-06,Dresses,36,2026-08-31,34
V-06,Dresses,36,2026-09-07,39
V-06,Dresses,36,2026-09-14,33
V-06,Dresses,36,2026-09-21,35
V-06,Dresses,36,2026-09-28,36
V-06,Dresses,38,2026-08-24,38
V-06,Dresses,38,2026-08-31,37
V-06,Dresses,38,2026-09-07,33
V-06,Dresses,38,2026-09-14,34
V-06,Dresses,38,2026-09-21,32
V-06,Dresses,38,2026-09-28,33
V-06,Dresses,40,2026-08-24,35
V-06,Dresses,40,2026-08-31,36
V-06,Dresses,40,2026-09-07,34
V-06,Dresses,40,2026-09-14,38
V-06,Dresses,40,2026-09-21,33
V-06,Dresses,40,2026-09-28,39
V-06,Dresses,42,2026-08-24,37
V-06,Dresses,42,2026-08-31,38
V-06,Dresses,42,2026-09-07,35
V-06,Dresses,42,2026-09-14,38
V-06,Dresses,42,2026-09-21,35
V-06,Dresses,42,2026-09-28,36
V-03,Kids tees,2-3 yrs,2026-08-24,23
V-03,Kids tees,2-3 yrs,2026-08-31,24
V-03,Kids tees,2-3 yrs,2026-09-07,21
V-03,Kids tees,2-3 yrs,2026-09-14,22
V-03,Kids tees,2-3 yrs,2026-09-21,20
V-03,Kids tees,2-3 yrs,2026-09-28,23
V-03,Kids tees,4-5 yrs,2026-08-24,23
V-03,Kids tees,4-5 yrs,2026-08-31,23
V-03,Kids tees,4-5 yrs,2026-09-07,20
V-03,Kids tees,4-5 yrs,2026-09-14,21
V-03,Kids tees,4-5 yrs,2026-09-21,24
V-03,Kids tees,4-5 yrs,2026-09-28,24
V-03,Kids tees,6-7 yrs,2026-08-24,22
V-03,Kids tees,6-7 yrs,2026-08-31,21
V-03,Kids tees,6-7 yrs,2026-09-07,22
V-03,Kids tees,6-7 yrs,2026-09-14,20
V-03,Kids tees,6-7 yrs,2026-09-21,20
V-03,Kids tees,6-7 yrs,2026-09-28,23
V-03,Kids tees,8-9 yrs,2026-08-24,23
V-03,Kids tees,8-9 yrs,2026-08-31,22
V-03,Kids tees,8-9 yrs,2026-09-07,21
V-03,Kids tees,8-9 yrs,2026-09-14,24
V-03,Kids tees,8-9 yrs,2026-09-21,22
V-03,Kids tees,8-9 yrs,2026-09-28,23
V-04,Kids tees,2Y,2026-08-24,35
V-04,Kids tees,2Y,2026-08-31,37
V-04,Kids tees,2Y,2026-09-07,35
V-04,Kids tees,2Y,2026-09-14,38
V-04,Kids tees,2Y,2026-09-21,37
V-04,Kids tees,2Y,2026-09-28,38
V-04,Kids tees,4Y,2026-08-24,36
V-04,Kids tees,4Y,2026-08-31,38
V-04,Kids tees,4Y,2026-09-07,35
V-04,Kids tees,4Y,2026-09-14,38
V-04,Kids tees,4Y,2026-09-21,38
V-04,Kids tees,4Y,2026-09-28,42
V-04,Kids tees,6Y,2026-08-24,38
V-04,Kids tees,6Y,2026-08-31,35
V-04,Kids tees,6Y,2026-09-07,38
V-04,Kids tees,6Y,2026-09-14,42
V-04,Kids tees,6Y,2026-09-21,41
V-04,Kids tees,6Y,2026-09-28,40
V-04,Kids tees,8Y,2026-08-24,36
V-04,Kids tees,8Y,2026-08-31,38
V-04,Kids tees,8Y,2026-09-07,35
V-04,Kids tees,8Y,2026-09-14,38
V-04,Kids tees,8Y,2026-09-21,38
V-04,Kids tees,8Y,2026-09-28,36
V-08,Kids tees,Age 2,2026-08-24,40
V-08,Kids tees,Age 2,2026-08-31,44
V-08,Kids tees,Age 2,2026-09-07,39
V-08,Kids tees,Age 2,2026-09-14,38
V-08,Kids tees,Age 2,2026-09-21,43
V-08,Kids tees,Age 2,2026-09-28,39
V-08,Kids tees,Age 4,2026-08-24,42
V-08,Kids tees,Age 4,2026-08-31,41
V-08,Kids tees,Age 4,2026-09-07,41
V-08,Kids tees,Age 4,2026-09-14,44
V-08,Kids tees,Age 4,2026-09-21,44
V-08,Kids tees,Age 4,2026-09-28,37
V-08,Kids tees,Age 6,2026-08-24,40
V-08,Kids tees,Age 6,2026-08-31,43
V-08,Kids tees,Age 6,2026-09-07,38
V-08,Kids tees,Age 6,2026-09-14,38
V-08,Kids tees,Age 6,2026-09-21,40
V-08,Kids tees,Age 6,2026-09-28,40
V-08,Kids tees,Age 8,2026-08-24,39
V-08,Kids tees,Age 8,2026-08-31,44
V-08,Kids tees,Age 8,2026-09-07,42
V-08,Kids tees,Age 8,2026-09-14,44
V-08,Kids tees,Age 8,2026-09-21,38
V-08,Kids tees,Age 8,2026-09-28,44
V-18,Leggings,S,2026-08-24,21
V-18,Leggings,S,2026-08-31,24
V-18,Leggings,S,2026-09-07,23
V-18,Leggings,S,2026-09-14,24
V-18,Leggings,S,2026-09-21,24
V-18,Leggings,S,2026-09-28,22
V-18,Leggings,M,2026-08-24,24
V-18,Leggings,M,2026-08-31,22
V-18,Leggings,M,2026-09-07,21
V-18,Leggings,M,2026-09-14,21
V-18,Leggings,M,2026-09-21,22
V-18,Leggings,M,2026-09-28,24
V-18,Leggings,L,2026-08-24,23
V-18,Leggings,L,2026-08-31,22
V-18,Leggings,L,2026-09-07,22
V-18,Leggings,L,2026-09-14,22
V-18,Leggings,L,2026-09-21,23
V-18,Leggings,L,2026-09-28,24
V-18,Leggings,XL,2026-08-24,22
V-18,Leggings,XL,2026-08-31,20
V-18,Leggings,XL,2026-09-07,24
V-18,Leggings,XL,2026-09-14,24
V-18,Leggings,XL,2026-09-21,24
V-18,Leggings,XL,2026-09-28,24
V-19,Leggings,Small,2026-08-24,42
V-19,Leggings,Small,2026-08-31,42
V-19,Leggings,Small,2026-09-07,39
V-19,Leggings,Small,2026-09-14,37
V-19,Leggings,Small,2026-09-21,36
V-19,Leggings,Small,2026-09-28,40
V-19,Leggings,Medium,2026-08-24,43
V-19,Leggings,Medium,2026-08-31,41
V-19,Leggings,Medium,2026-09-07,42
V-19,Leggings,Medium,2026-09-14,41
V-19,Leggings,Medium,2026-09-21,40
V-19,Leggings,Medium,2026-09-28,36
V-19,Leggings,Large,2026-08-24,35
V-19,Leggings,Large,2026-08-31,37
V-19,Leggings,Large,2026-09-07,39
V-19,Leggings,Large,2026-09-14,42
V-19,Leggings,Large,2026-09-21,36
V-19,Leggings,Large,2026-09-28,42
V-19,Leggings,X-Large,2026-08-24,39
V-19,Leggings,X-Large,2026-08-31,39
V-19,Leggings,X-Large,2026-09-07,37
V-19,Leggings,X-Large,2026-09-14,38
V-19,Leggings,X-Large,2026-09-21,38
V-19,Leggings,X-Large,2026-09-28,39
V-20,Leggings,S,2026-08-24,41
V-20,Leggings,S,2026-08-31,38
V-20,Leggings,S,2026-09-07,38
V-20,Leggings,S,2026-09-14,37
V-20,Leggings,S,2026-09-21,40
V-20,Leggings,S,2026-09-28,38
V-20,Leggings,M,2026-08-24,39
V-20,Leggings,M,2026-08-31,41
V-20,Leggings,M,2026-09-07,41
V-20,Leggings,M,2026-09-14,41
V-20,Leggings,M,2026-09-21,41
V-20,Leggings,M,2026-09-28,44
V-20,Leggings,L,2026-08-24,39
V-20,Leggings,L,2026-08-31,44
V-20,Leggings,L,2026-09-07,42
V-20,Leggings,L,2026-09-14,40
V-20,Leggings,L,2026-09-21,38
V-20,Leggings,L,2026-09-28,39
V-20,Leggings,XL,2026-08-24,40
V-20,Leggings,XL,2026-08-31,45
V-20,Leggings,XL,2026-09-07,43
V-20,Leggings,XL,2026-09-14,41
V-20,Leggings,XL,2026-09-21,42
V-20,Leggings,XL,2026-09-28,40
V-21,Palazzo,S,2026-08-24,3
V-21,Palazzo,S,2026-08-31,2
V-21,Palazzo,S,2026-09-07,3
V-21,Palazzo,S,2026-09-14,3
V-21,Palazzo,S,2026-09-21,3
V-21,Palazzo,S,2026-09-28,2
V-21,Palazzo,M,2026-08-24,3
V-21,Palazzo,M,2026-08-31,3
V-21,Palazzo,M,2026-09-07,3
V-21,Palazzo,M,2026-09-14,3
V-21,Palazzo,M,2026-09-21,2
V-21,Palazzo,M,2026-09-28,3
V-21,Palazzo,L,2026-08-24,3
V-21,Palazzo,L,2026-08-31,3
V-21,Palazzo,L,2026-09-07,3
V-21,Palazzo,L,2026-09-14,3
V-21,Palazzo,L,2026-09-21,2
V-21,Palazzo,L,2026-09-28,3
V-21,Palazzo,XL,2026-08-24,3
V-21,Palazzo,XL,2026-08-31,2
V-21,Palazzo,XL,2026-09-07,3
V-21,Palazzo,XL,2026-09-14,3
V-21,Palazzo,XL,2026-09-21,2
V-21,Palazzo,XL,2026-09-28,3
V-22,Palazzo,36,2026-08-24,33
V-22,Palazzo,36,2026-08-31,34
V-22,Palazzo,36,2026-09-07,35
V-22,Palazzo,36,2026-09-14,33
V-22,Palazzo,36,2026-09-21,36
V-22,Palazzo,36,2026-09-28,36
V-22,Palazzo,38,2026-08-24,35
V-22,Palazzo,38,2026-08-31,37
V-22,Palazzo,38,2026-09-07,32
V-22,Palazzo,38,2026-09-14,31
V-22,Palazzo,38,2026-09-21,33
V-22,Palazzo,38,2026-09-28,36
V-22,Palazzo,40,2026-08-24,34
V-22,Palazzo,40,2026-08-31,32
V-22,Palazzo,40,2026-09-07,37
V-22,Palazzo,40,2026-09-14,35
V-22,Palazzo,40,2026-09-21,33
V-22,Palazzo,40,2026-09-28,33
V-22,Palazzo,42,2026-08-24,33
V-22,Palazzo,42,2026-08-31,32
V-22,Palazzo,42,2026-09-07,33
V-22,Palazzo,42,2026-09-14,36
V-22,Palazzo,42,2026-09-21,32
V-22,Palazzo,42,2026-09-28,37
V-23,Palazzo,S,2026-08-24,37
V-23,Palazzo,S,2026-08-31,33
V-23,Palazzo,S,2026-09-07,35
V-23,Palazzo,S,2026-09-14,34
V-23,Palazzo,S,2026-09-21,33
V-23,Palazzo,S,2026-09-28,35
V-23,Palazzo,M,2026-08-24,35
V-23,Palazzo,M,2026-08-31,38
V-23,Palazzo,M,2026-09-07,32
V-23,Palazzo,M,2026-09-14,34
V-23,Palazzo,M,2026-09-21,35
V-23,Palazzo,M,2026-09-28,37
V-23,Palazzo,L,2026-08-24,35
V-23,Palazzo,L,2026-08-31,35
V-23,Palazzo,L,2026-09-07,39
V-23,Palazzo,L,2026-09-14,33
V-23,Palazzo,L,2026-09-21,33
V-23,Palazzo,L,2026-09-28,38
V-23,Palazzo,XL,2026-08-24,33
V-23,Palazzo,XL,2026-08-31,37
V-23,Palazzo,XL,2026-09-07,38
V-23,Palazzo,XL,2026-09-14,36
V-23,Palazzo,XL,2026-09-21,33
V-23,Palazzo,XL,2026-09-28,36
V-09,Kurtas,Small,2026-08-24,33
V-09,Kurtas,Small,2026-08-31,35
V-09,Kurtas,Small,2026-09-07,36
V-09,Kurtas,Small,2026-09-14,36
V-09,Kurtas,Small,2026-09-21,31
V-09,Kurtas,Small,2026-09-28,32
V-09,Kurtas,Medium,2026-08-24,32
V-09,Kurtas,Medium,2026-08-31,36
V-09,Kurtas,Medium,2026-09-07,33
V-09,Kurtas,Medium,2026-09-14,34
V-09,Kurtas,Medium,2026-09-21,33
V-09,Kurtas,Medium,2026-09-28,36
V-09,Kurtas,Large,2026-08-24,35
V-09,Kurtas,Large,2026-08-31,32
V-09,Kurtas,Large,2026-09-07,34
V-09,Kurtas,Large,2026-09-14,34
V-09,Kurtas,Large,2026-09-21,33
V-09,Kurtas,Large,2026-09-28,34
V-09,Kurtas,X-Large,2026-08-24,36
V-09,Kurtas,X-Large,2026-08-31,37
V-09,Kurtas,X-Large,2026-09-07,36
V-09,Kurtas,X-Large,2026-09-14,32
V-09,Kurtas,X-Large,2026-09-21,34
V-09,Kurtas,X-Large,2026-09-28,32
V-11,Kurtas,S,2026-08-24,34
V-11,Kurtas,S,2026-08-31,35
V-11,Kurtas,S,2026-09-07,37
V-11,Kurtas,S,2026-09-14,37
V-11,Kurtas,S,2026-09-21,35
V-11,Kurtas,S,2026-09-28,34
V-11,Kurtas,M,2026-08-24,35
V-11,Kurtas,M,2026-08-31,36
V-11,Kurtas,M,2026-09-07,35
V-11,Kurtas,M,2026-09-14,36
V-11,Kurtas,M,2026-09-21,38
V-11,Kurtas,M,2026-09-28,34
V-11,Kurtas,L,2026-08-24,36
V-11,Kurtas,L,2026-08-31,32
V-11,Kurtas,L,2026-09-07,35
V-11,Kurtas,L,2026-09-14,34
V-11,Kurtas,L,2026-09-21,32
V-11,Kurtas,L,2026-09-28,36
V-11,Kurtas,XL,2026-08-24,35
V-11,Kurtas,XL,2026-08-31,33
V-11,Kurtas,XL,2026-09-07,35
V-11,Kurtas,XL,2026-09-14,37
V-11,Kurtas,XL,2026-09-21,35
V-11,Kurtas,XL,2026-09-28,37
